"FullName","Length","LastWriteTime"
"D:\azenith living\my-app\.netlify",,"4/9/2026 6:41:49 AM"
"D:\azenith living\my-app\.snapshots",,"4/12/2026 3:00:11 PM"
"D:\azenith living\my-app\.vercel",,"4/11/2026 2:36:48 AM"
"D:\azenith living\my-app\.vscode",,"4/5/2026 5:29:31 AM"
"D:\azenith living\my-app\.wwebjs_cache",,"4/7/2026 3:10:37 AM"
"D:\azenith living\my-app\aaca",,"4/13/2026 5:04:27 PM"
"D:\azenith living\my-app\app",,"4/15/2026 10:44:16 PM"
"D:\azenith living\my-app\components",,"4/16/2026 4:02:15 AM"
"D:\azenith living\my-app\contexts",,"4/13/2026 8:43:01 PM"
"D:\azenith living\my-app\hooks",,"4/11/2026 8:04:16 PM"
"D:\azenith living\my-app\lib",,"4/16/2026 4:04:33 AM"
"D:\azenith living\my-app\logs",,"4/13/2026 12:38:42 AM"
"D:\azenith living\my-app\messages",,"4/13/2026 8:45:15 PM"
"D:\azenith living\my-app\public",,"4/11/2026 10:44:31 PM"
"D:\azenith living\my-app\sandbox",,"4/13/2026 3:11:20 AM"
"D:\azenith living\my-app\scripts",,"4/16/2026 3:34:32 AM"
"D:\azenith living\my-app\services",,"4/9/2026 2:42:36 AM"
"D:\azenith living\my-app\stores",,"4/8/2026 11:00:12 PM"
"D:\azenith living\my-app\supabase",,"4/13/2026 6:14:17 PM"
"D:\azenith living\my-app\tests",,"4/14/2026 10:19:33 PM"
"D:\azenith living\my-app\utils",,"4/9/2026 2:10:54 AM"
"D:\azenith living\my-app\.codex-dev.log","799648","4/9/2026 4:56:46 AM"
"D:\azenith living\my-app\.env","1053","4/14/2026 12:51:44 PM"
"D:\azenith living\my-app\.env-preview-temp.txt","0","4/15/2026 9:11:42 AM"
"D:\azenith living\my-app\.env.example","574","4/4/2026 9:05:37 AM"
"D:\azenith living\my-app\.env.local","5316","4/15/2026 10:51:05 AM"
"D:\azenith living\my-app\.env.vercel","2950","4/13/2026 8:05:28 PM"
"D:\azenith living\my-app\.vercelignore","562","4/13/2026 10:29:43 PM"
"D:\azenith living\my-app\AACA_STATUS.md","5028","4/14/2026 10:02:03 PM"
"D:\azenith living\my-app\add-preview-env.bat","63","4/14/2026 11:17:32 PM"
"D:\azenith living\my-app\add-preview-token.bat","93","4/14/2026 11:17:32 PM"
"D:\azenith living\my-app\ADMIN_DASHBOARD_REPORT.md","17661","4/15/2026 5:35:05 PM"
"D:\azenith living\my-app\AGENTS.md","327","4/4/2026 2:40:07 AM"
"D:\azenith living\my-app\ANALYSIS_REPORT.md","30650","4/16/2026 2:58:58 AM"
"D:\azenith living\my-app\architectDB.ts","28563","4/10/2026 1:37:22 AM"
"D:\azenith living\my-app\AZENITH_PRIME_SUMMARY.md","7124","4/12/2026 2:58:53 AM"
"D:\azenith living\my-app\CLAUDE.md","11","4/4/2026 2:40:07 AM"
"D:\azenith living\my-app\COMPLETION_REPORT.md","10013","4/4/2026 10:41:56 AM"
"D:\azenith living\my-app\curated-images.json","130896","4/15/2026 1:39:43 PM"
"D:\azenith living\my-app\curation-progress.json","846","4/15/2026 2:38:10 PM"
"D:\azenith living\my-app\deno.lock","2207","4/7/2026 8:04:13 AM"
"D:\azenith living\my-app\env-backup.log","712","4/15/2026 12:15:46 PM"
"D:\azenith living\my-app\ENVIRONMENT.md","1862","4/4/2026 9:05:37 AM"
"D:\azenith living\my-app\eslint.config.mjs","487","4/4/2026 7:35:33 AM"
"D:\azenith living\my-app\FINAL_FULL_REPORT.md","34314","4/16/2026 6:43:00 AM"
"D:\azenith living\my-app\FINAL_QA_REPORT.md","376","4/4/2026 6:19:31 AM"
"D:\azenith living\my-app\GOOGLE_OAUTH_SETUP.md","4129","4/6/2026 9:23:33 PM"
"D:\azenith living\my-app\harvester-test.logs.txt","116","4/10/2026 1:56:28 AM"
"D:\azenith living\my-app\middleware.ts","3814","4/15/2026 8:05:23 PM"
"D:\azenith living\my-app\netlify.toml","189","4/9/2026 12:09:02 PM"
"D:\azenith living\my-app\next-env.d.ts","247","4/16/2026 3:07:24 AM"
"D:\azenith living\my-app\next.config.ts","274","4/13/2026 11:59:07 PM"
"D:\azenith living\my-app\OMNIPOTENT_AGENT_README.md","8413","4/16/2026 3:35:03 AM"
"D:\azenith living\my-app\package-lock.json","519271","4/15/2026 10:56:56 PM"
"D:\azenith living\my-app\package.json","2909","4/15/2026 10:56:56 PM"
"D:\azenith living\my-app\postcss.config.mjs","94","4/2/2026 3:04:21 AM"
"D:\azenith living\my-app\PROJECT_AUDIT.md","2836","4/4/2026 9:11:06 AM"
"D:\azenith living\my-app\PROJECT_AUDIT_v2.md","31293","4/4/2026 10:26:56 AM"
"D:\azenith living\my-app\README.md","592","4/4/2026 9:05:37 AM"
"D:\azenith living\my-app\test-api-keys-output.log","1994","4/15/2026 12:15:46 PM"
"D:\azenith living\my-app\test-harvest-output.log","116","4/10/2026 1:47:28 AM"
"D:\azenith living\my-app\TODO.md","328","4/5/2026 11:19:33 AM"
"D:\azenith living\my-app\tree_output.csv","0","4/16/2026 6:45:49 AM"
"D:\azenith living\my-app\tree_output.txt","6231600","4/16/2026 6:39:43 AM"
"D:\azenith living\my-app\tsconfig.json","816","4/15/2026 12:33:27 PM"
"D:\azenith living\my-app\tsconfig.tsbuildinfo","299158","4/15/2026 1:24:52 PM"
"D:\azenith living\my-app\UPGRADE_PATH.md","772","4/4/2026 6:19:30 AM"
"D:\azenith living\my-app\video-urls.json","560","4/13/2026 8:06:28 PM"
"D:\azenith living\my-app\vitest.config.ts","236","4/14/2026 10:18:19 PM"
"D:\azenith living\my-app\.netlify\deploy",,"4/7/2026 10:16:37 AM"
"D:\azenith living\my-app\.netlify\edge-functions-dist",,"4/7/2026 1:36:47 PM"
"D:\azenith living\my-app\.netlify\functions",,"4/7/2026 10:16:43 AM"
"D:\azenith living\my-app\.netlify\plugins",,"4/7/2026 10:16:05 AM"
"D:\azenith living\my-app\.netlify\static",,"4/7/2026 1:36:36 PM"
"D:\azenith living\my-app\.netlify\edge-functions-import-map.json","2275","4/7/2026 1:36:47 PM"
"D:\azenith living\my-app\.netlify\netlify.toml","480","4/9/2026 6:44:35 AM"
"D:\azenith living\my-app\.netlify\state.json","53","4/7/2026 12:43:26 PM"
"D:\azenith living\my-app\.netlify\deploy\v1",,"4/7/2026 10:16:37 AM"
"D:\azenith living\my-app\.netlify\deploy\v1\blobs",,"4/9/2026 6:41:48 AM"
"D:\azenith living\my-app\.netlify\edge-functions-dist\29d40e6cf632b1f2b30acdee5f501635bf742aa2a1237372489c2f00b705c772.tar.gz","374656","4/7/2026 1:36:45 PM"
"D:\azenith living\my-app\.netlify\edge-functions-dist\737750c8ef43f416ba99795ff4208f4855f5a51cfd3180c25404e57601ec7122.eszip","1184208","4/7/2026 1:36:46 PM"
"D:\azenith living\my-app\.netlify\edge-functions-dist\manifest.json","686","4/7/2026 1:36:47 PM"
"D:\azenith living\my-app\.netlify\functions\manifest.json","692","4/7/2026 1:36:43 PM"
"D:\azenith living\my-app\.netlify\functions\___netlify-server-handler.zip","6658040","4/7/2026 1:36:43 PM"
"D:\azenith living\my-app\.netlify\plugins\package-lock.json","678","4/7/2026 10:16:05 AM"
"D:\azenith living\my-app\.netlify\plugins\package.json","295","4/7/2026 10:16:05 AM"
"D:\azenith living\my-app\.netlify\static\images",,"4/7/2026 1:36:35 PM"
"D:\azenith living\my-app\.netlify\static\videos",,"4/7/2026 1:36:36 PM"
"D:\azenith living\my-app\.netlify\static\_next",,"4/7/2026 1:36:36 PM"
"D:\azenith living\my-app\.netlify\static\favicon.png","875622","3/26/2026 8:56:32 AM"
"D:\azenith living\my-app\.netlify\static\file.svg","391","4/2/2026 3:04:21 AM"
"D:\azenith living\my-app\.netlify\static\globe.svg","1035","4/2/2026 3:04:21 AM"
"D:\azenith living\my-app\.netlify\static\logo.png","875622","3/26/2026 8:56:32 AM"
"D:\azenith living\my-app\.netlify\static\next.svg","1375","4/2/2026 3:04:21 AM"
"D:\azenith living\my-app\.netlify\static\placeholder-room.jpg","875622","3/26/2026 8:56:32 AM"
"D:\azenith living\my-app\.netlify\static\vercel.svg","128","4/2/2026 3:04:21 AM"
"D:\azenith living\my-app\.netlify\static\window.svg","385","4/2/2026 3:04:21 AM"
"D:\azenith living\my-app\.netlify\static\images\furniture-placeholder.jpg","0","4/5/2026 1:52:29 AM"
"D:\azenith living\my-app\.netlify\static\images\room-placeholder.jpg","0","4/5/2026 4:22:20 AM"
"D:\azenith living\my-app\.netlify\static\videos\hero-1.mp4","34812416","4/5/2026 9:56:44 AM"
"D:\azenith living\my-app\.netlify\static\videos\hero-2.mp4","9875211","4/5/2026 9:45:58 AM"
"D:\azenith living\my-app\.netlify\static\videos\hero-3.mp4","35598067","4/5/2026 9:49:36 AM"
"D:\azenith living\my-app\.netlify\static\videos\hero-4.mp4","31181355","4/5/2026 10:07:18 AM"
"D:\azenith living\my-app\.netlify\static\videos\hero-5.mp4","37558861","4/5/2026 10:47:17 AM"
"D:\azenith living\my-app\.netlify\static\videos\hero-6.mp4","51810279","4/5/2026 10:56:13 AM"
"D:\azenith living\my-app\.netlify\static\_next\static",,"4/7/2026 1:36:36 PM"
"D:\azenith living\my-app\.netlify\static\_next\static\chunks",,"4/7/2026 1:36:36 PM"
"D:\azenith living\my-app\.netlify\static\_next\static\media",,"4/7/2026 1:36:36 PM"
"D:\azenith living\my-app\.netlify\static\_next\static\Vo_rd4Tv6o-S7kvFk9NyQ",,"4/7/2026 1:36:36 PM"
"D:\azenith living\my-app\.vercel\project.json","122","4/11/2026 2:36:48 AM"
"D:\azenith living\my-app\.vercel\README.txt","520","4/11/2026 2:36:48 AM"
"D:\azenith living\my-app\.vscode\launch.json","1954","4/4/2026 11:55:11 AM"
"D:\azenith living\my-app\.vscode\settings.json","39","4/5/2026 12:57:35 AM"
"D:\azenith living\my-app\.wwebjs_cache\2.3000.1036755913.html","549406","4/7/2026 3:15:44 AM"
"D:\azenith living\my-app\aaca\agents",,"4/12/2026 4:15:30 AM"
"D:\azenith living\my-app\aaca\api",,"4/12/2026 4:30:52 AM"
"D:\azenith living\my-app\aaca\approval",,"4/12/2026 4:05:20 AM"
"D:\azenith living\my-app\aaca\config",,"4/12/2026 4:24:10 AM"
"D:\azenith living\my-app\aaca\database",,"4/12/2026 4:36:02 AM"
"D:\azenith living\my-app\aaca\events",,"4/12/2026 4:04:21 AM"
"D:\azenith living\my-app\aaca\execution",,"4/12/2026 4:05:53 AM"
"D:\azenith living\my-app\aaca\prisma",,"4/13/2026 5:33:27 PM"
"D:\azenith living\my-app\aaca\queues",,"4/12/2026 4:04:39 AM"
"D:\azenith living\my-app\aaca\types",,"4/12/2026 4:36:35 AM"
"D:\azenith living\my-app\aaca\utils",,"4/12/2026 4:04:49 AM"
"D:\azenith living\my-app\aaca\workers",,"4/12/2026 4:37:20 AM"
"D:\azenith living\my-app\aaca\.env","155","4/13/2026 5:04:27 PM"
"D:\azenith living\my-app\aaca\app.ts","7065","4/12/2026 4:31:39 AM"
"D:\azenith living\my-app\aaca\FINAL_INTEGRATION.md","12124","4/12/2026 4:28:34 AM"
"D:\azenith living\my-app\aaca\index.ts","13048","4/12/2026 4:16:31 AM"
"D:\azenith living\my-app\aaca\main.ts","9944","4/12/2026 4:26:43 AM"
"D:\azenith living\my-app\aaca\phase1.ts","1348","4/12/2026 4:31:56 AM"
"D:\azenith living\my-app\aaca\PHASE1_README.md","4580","4/12/2026 4:34:01 AM"
"D:\azenith living\my-app\aaca\phase2.ts","9074","4/12/2026 4:24:46 AM"
"D:\azenith living\my-app\aaca\PHASE2_README.md","5748","4/12/2026 4:37:38 AM"
"D:\azenith living\my-app\aaca\phase3.ts","14113","4/12/2026 4:38:36 AM"
"D:\azenith living\my-app\aaca\PHASE3_README.md","7211","4/12/2026 4:38:55 AM"
"D:\azenith living\my-app\aaca\phase4.ts","8301","4/12/2026 4:39:42 AM"
"D:\azenith living\my-app\aaca\PHASE4_README.md","6839","4/12/2026 4:39:57 AM"
"D:\azenith living\my-app\aaca\README.md","11167","4/12/2026 4:26:59 AM"
"D:\azenith living\my-app\aaca\server.ts","12740","4/12/2026 4:23:26 AM"
"D:\azenith living\my-app\aaca\agents\communication-agent-service.ts","17497","4/12/2026 4:16:40 AM"
"D:\azenith living\my-app\aaca\agents\dev-agent-service.ts","15570","4/13/2026 4:31:48 PM"
"D:\azenith living\my-app\aaca\agents\evolution-agent-service.ts","18425","4/12/2026 2:50:23 PM"
"D:\azenith living\my-app\aaca\agents\ops-agent-service.ts","15375","4/12/2026 4:16:44 AM"
"D:\azenith living\my-app\aaca\agents\orchestrator-service.ts","16469","4/12/2026 2:56:57 PM"
"D:\azenith living\my-app\aaca\agents\qa-agent-service.ts","15364","4/12/2026 4:16:41 AM"
"D:\azenith living\my-app\aaca\agents\security-agent-service.ts","21589","4/12/2026 4:16:43 AM"
"D:\azenith living\my-app\aaca\api\routes",,"4/12/2026 4:31:14 AM"
"D:\azenith living\my-app\aaca\api\dashboard-routes.ts","20229","4/12/2026 4:28:13 AM"
"D:\azenith living\my-app\aaca\api\phase4-routes.ts","14186","4/12/2026 4:26:29 AM"
"D:\azenith living\my-app\aaca\api\routes.ts","24068","4/13/2026 4:22:10 PM"
"D:\azenith living\my-app\aaca\api\routes\approvals.ts","8388","4/12/2026 4:31:28 AM"
"D:\azenith living\my-app\aaca\api\routes\health.ts","2059","4/12/2026 4:31:14 AM"
"D:\azenith living\my-app\aaca\api\routes\tasks.ts","6397","4/12/2026 4:31:22 AM"
"D:\azenith living\my-app\aaca\approval\approval-system.ts","12214","4/12/2026 4:05:20 AM"
"D:\azenith living\my-app\aaca\config\redis.ts","4549","4/12/2026 4:24:10 AM"
"D:\azenith living\my-app\aaca\database\database-service.ts","4879","4/12/2026 4:30:25 AM"
"D:\azenith living\my-app\aaca\database\prisma-client.ts","3496","4/12/2026 4:04:55 AM"
"D:\azenith living\my-app\aaca\database\redis.ts","3258","4/12/2026 4:36:16 AM"
"D:\azenith living\my-app\aaca\events\event-bus.ts","10443","4/12/2026 4:04:21 AM"
"D:\azenith living\my-app\aaca\execution\execution-engine.ts","18784","4/13/2026 4:22:25 PM"
"D:\azenith living\my-app\aaca\prisma\prisma.config.ts","174","4/13/2026 5:33:27 PM"
"D:\azenith living\my-app\aaca\prisma\schema.prisma","7325","4/13/2026 4:57:57 PM"
"D:\azenith living\my-app\aaca\prisma\seed.ts","5504","4/12/2026 4:23:08 AM"
"D:\azenith living\my-app\aaca\queues\queue-manager.ts","10420","4/13/2026 4:31:34 PM"
"D:\azenith living\my-app\aaca\types\events.ts","4788","4/12/2026 4:36:35 AM"
"D:\azenith living\my-app\aaca\types\index.ts","8787","4/12/2026 4:04:06 AM"
"D:\azenith living\my-app\aaca\utils\logger.ts","3595","4/12/2026 4:04:49 AM"
"D:\azenith living\my-app\aaca\workers\base-worker.ts","7645","4/12/2026 4:36:23 AM"
"D:\azenith living\my-app\aaca\workers\communication-agent-worker.ts","4668","4/12/2026 4:37:20 AM"
"D:\azenith living\my-app\aaca\workers\dev-agent-worker.ts","4071","4/12/2026 4:36:41 AM"
"D:\azenith living\my-app\aaca\workers\ops-agent-worker.ts","4656","4/12/2026 4:36:54 AM"
"D:\azenith living\my-app\aaca\workers\qa-agent-worker.ts","4976","4/12/2026 4:37:14 AM"
"D:\azenith living\my-app\aaca\workers\security-agent-worker.ts","4507","4/12/2026 4:37:00 AM"
"D:\azenith living\my-app\aaca\workers\task-worker.ts","11521","4/12/2026 4:24:31 AM"
"D:\azenith living\my-app\app\(admin)",,"4/6/2026 6:26:06 PM"
"D:\azenith living\my-app\app\about",,"4/5/2026 5:29:31 AM"
"D:\azenith living\my-app\app\actions",,"4/7/2026 3:48:24 AM"
"D:\azenith living\my-app\app\admin",,"4/15/2026 11:44:07 PM"
"D:\azenith living\my-app\app\api",,"4/16/2026 3:31:43 AM"
"D:\azenith living\my-app\app\bookings",,"4/5/2026 5:29:31 AM"
"D:\azenith living\my-app\app\elite",,"4/7/2026 6:08:20 AM"
"D:\azenith living\my-app\app\elite-brief",,"4/10/2026 11:17:36 PM"
"D:\azenith living\my-app\app\elite-intelligence",,"4/11/2026 12:05:10 AM"
"D:\azenith living\my-app\app\furniture",,"4/5/2026 5:29:31 AM"
"D:\azenith living\my-app\app\gate",,"4/15/2026 10:44:28 PM"
"D:\azenith living\my-app\app\pages",,"4/5/2026 5:29:31 AM"
"D:\azenith living\my-app\app\privacy",,"4/5/2026 5:29:31 AM"
"D:\azenith living\my-app\app\request",,"4/5/2026 5:29:31 AM"
"D:\azenith living\my-app\app\rooms",,"4/5/2026 5:29:31 AM"
"D:\azenith living\my-app\app\seo",,"4/5/2026 5:29:31 AM"
"D:\azenith living\my-app\app\start",,"4/5/2026 5:29:32 AM"
"D:\azenith living\my-app\app\terms",,"4/5/2026 5:29:32 AM"
"D:\azenith living\my-app\app\blackboxapp.blackboxagent-3.6.66.vsix","10840959","4/5/2026 1:28:16 AM"
"D:\azenith living\my-app\app\ConsultantWidgetWrapper.tsx","332","4/15/2026 6:53:21 PM"
"D:\azenith living\my-app\app\error.tsx","1780","4/9/2026 6:31:35 PM"
"D:\azenith living\my-app\app\favicon.ico","25931","4/2/2026 3:04:20 AM"
"D:\azenith living\my-app\app\global-error.tsx","1598","4/9/2026 6:31:35 PM"
"D:\azenith living\my-app\app\globals.css","1772","4/7/2026 11:52:01 AM"
"D:\azenith living\my-app\app\layout.tsx","1693","4/15/2026 7:22:56 PM"
"D:\azenith living\my-app\app\loading.tsx","1473","4/11/2026 1:01:23 PM"
"D:\azenith living\my-app\app\page.tsx","2376","4/14/2026 12:20:14 AM"
"D:\azenith living\my-app\app\providers.tsx","1665","4/13/2026 10:08:31 PM"
"D:\azenith living\my-app\app\robots.ts","374","4/9/2026 6:41:33 PM"
"D:\azenith living\my-app\app\sitemap.ts","950","4/9/2026 6:41:33 PM"
"D:\azenith living\my-app\app\about\page.tsx","3663","4/14/2026 12:33:19 AM"
"D:\azenith living\my-app\app\actions\progress-actions.ts","11241","4/11/2026 12:21:16 PM"
"D:\azenith living\my-app\app\actions\subscribeAction.ts","9884","4/11/2026 12:24:30 PM"
"D:\azenith living\my-app\app\admin\intel",,"4/16/2026 3:48:32 AM"
"D:\azenith living\my-app\app\admin\ops",,"4/16/2026 3:05:24 AM"
"D:\azenith living\my-app\app\admin\sales",,"4/15/2026 9:13:43 PM"
"D:\azenith living\my-app\app\admin\layout-client.tsx","4971","4/16/2026 3:05:31 AM"
"D:\azenith living\my-app\app\admin\layout.tsx","556","4/15/2026 10:44:40 PM"
"D:\azenith living\my-app\app\admin\page.tsx","15365","4/16/2026 12:52:50 AM"
"D:\azenith living\my-app\app\admin\intel\components",,"4/16/2026 3:49:10 AM"
"D:\azenith living\my-app\app\admin\intel\page.tsx","68067","4/16/2026 4:42:26 AM"
"D:\azenith living\my-app\app\admin\intel\components\ProactiveDashboard.tsx","18759","4/16/2026 3:49:18 AM"
"D:\azenith living\my-app\app\admin\intel\components\UltimateAgentChat.tsx","13719","4/16/2026 3:49:17 AM"
"D:\azenith living\my-app\app\admin\sales\page.tsx","44603","4/16/2026 1:20:46 AM"
"D:\azenith living\my-app\app\api\admin",,"4/16/2026 3:47:47 AM"
"D:\azenith living\my-app\app\api\analytics",,"4/5/2026 5:29:31 AM"
"D:\azenith living\my-app\app\api\analyze-image",,"4/15/2026 1:08:37 PM"
"D:\azenith living\my-app\app\api\architect",,"4/13/2026 4:17:54 PM"
"D:\azenith living\my-app\app\api\auth",,"4/6/2026 9:22:54 PM"
"D:\azenith living\my-app\app\api\bookings",,"4/5/2026 5:29:31 AM"
"D:\azenith living\my-app\app\api\checkout",,"4/5/2026 5:29:31 AM"
"D:\azenith living\my-app\app\api\cms",,"4/6/2026 8:56:21 PM"
"D:\azenith living\my-app\app\api\config",,"4/11/2026 8:10:51 PM"
"D:\azenith living\my-app\app\api\consultant",,"4/15/2026 4:47:31 PM"
"D:\azenith living\my-app\app\api\content-generator",,"4/5/2026 5:29:31 AM"
"D:\azenith living\my-app\app\api\cron",,"4/16/2026 3:31:43 AM"
"D:\azenith living\my-app\app\api\curate-images",,"4/9/2026 4:48:47 AM"
"D:\azenith living\my-app\app\api\curated-images",,"4/9/2026 2:12:16 AM"
"D:\azenith living\my-app\app\api\curated-pages",,"4/9/2026 2:39:31 AM"
"D:\azenith living\my-app\app\api\elite-brief",,"4/15/2026 10:28:24 AM"
"D:\azenith living\my-app\app\api\elite-gallery",,"4/10/2026 1:39:23 AM"
"D:\azenith living\my-app\app\api\elite-leads",,"4/10/2026 11:16:24 PM"
"D:\azenith living\my-app\app\api\enhance-image",,"4/9/2026 2:58:45 AM"
"D:\azenith living\my-app\app\api\gate",,"4/15/2026 10:55:08 PM"
"D:\azenith living\my-app\app\api\growth-insights",,"4/11/2026 12:19:59 AM"
"D:\azenith living\my-app\app\api\leads",,"4/5/2026 5:29:31 AM"
"D:\azenith living\my-app\app\api\mark-dead-image",,"4/10/2026 1:40:05 AM"
"D:\azenith living\my-app\app\api\media",,"4/5/2026 5:29:31 AM"
"D:\azenith living\my-app\app\api\navigation",,"4/5/2026 5:29:31 AM"
"D:\azenith living\my-app\app\api\omnipotent",,"4/16/2026 3:31:29 AM"
"D:\azenith living\my-app\app\api\pages",,"4/5/2026 5:29:31 AM"
"D:\azenith living\my-app\app\api\pexels",,"4/5/2026 5:29:31 AM"
"D:\azenith living\my-app\app\api\room-sections",,"4/11/2026 4:26:34 PM"
"D:\azenith living\my-app\app\api\system-health",,"4/11/2026 12:20:05 AM"
"D:\azenith living\my-app\app\api\tenant",,"4/5/2026 5:29:31 AM"
"D:\azenith living\my-app\app\api\tenants",,"4/5/2026 5:29:31 AM"
"D:\azenith living\my-app\app\api\test-harvest",,"4/10/2026 2:09:50 AM"
"D:\azenith living\my-app\app\api\test-search",,"4/13/2026 10:47:17 AM"
"D:\azenith living\my-app\app\api\theme",,"4/5/2026 5:29:31 AM"
"D:\azenith living\my-app\app\api\translations",,"4/11/2026 8:24:58 PM"
"D:\azenith living\my-app\app\api\admin\2fa",,"4/15/2026 7:37:22 PM"
"D:\azenith living\my-app\app\api\admin\agent",,"4/16/2026 4:41:42 AM"
"D:\azenith living\my-app\app\api\admin\analyze-lead",,"4/9/2026 1:41:47 AM"
"D:\azenith living\my-app\app\api\admin\architect",,"4/16/2026 3:09:59 AM"
"D:\azenith living\my-app\app\api\admin\arsenal",,"4/11/2026 11:15:08 PM"
"D:\azenith living\my-app\app\api\admin\automation",,"4/16/2026 1:14:50 AM"
"D:\azenith living\my-app\app\api\admin\command",,"4/12/2026 4:34:42 PM"
"D:\azenith living\my-app\app\api\admin\keys",,"4/12/2026 4:33:59 PM"
"D:\azenith living\my-app\app\api\admin\mastermind",,"4/12/2026 5:21:20 PM"
"D:\azenith living\my-app\app\api\admin\prime",,"4/11/2026 11:54:22 PM"
"D:\azenith living\my-app\app\api\admin\proactive",,"4/11/2026 11:27:31 PM"
"D:\azenith living\my-app\app\api\admin\settings",,"4/16/2026 1:19:31 AM"
"D:\azenith living\my-app\app\api\admin\silent",,"4/11/2026 11:37:08 PM"
"D:\azenith living\my-app\app\api\admin\supreme",,"4/12/2026 2:57:57 AM"
"D:\azenith living\my-app\app\api\admin\verify-2fa",,"4/15/2026 8:23:27 PM"
"D:\azenith living\my-app\app\api\admin\war-room",,"4/12/2026 2:56:18 AM"
"D:\azenith living\my-app\app\api\admin\2fa\disable",,"4/12/2026 4:32:46 PM"
"D:\azenith living\my-app\app\api\admin\2fa\set-verified",,"4/15/2026 7:37:22 PM"
"D:\azenith living\my-app\app\api\admin\2fa\setup",,"4/12/2026 4:32:22 PM"
"D:\azenith living\my-app\app\api\admin\2fa\status",,"4/12/2026 4:32:51 PM"
"D:\azenith living\my-app\app\api\admin\2fa\verify",,"4/12/2026 4:32:35 PM"
"D:\azenith living\my-app\app\api\admin\agent\smart",,"4/16/2026 4:41:42 AM"
"D:\azenith living\my-app\app\api\admin\agent\ultimate",,"4/16/2026 3:47:47 AM"
"D:\azenith living\my-app\app\api\admin\analyze-lead\route.ts","5872","4/9/2026 1:53:23 AM"
"D:\azenith living\my-app\app\api\admin\architect\command",,"4/16/2026 3:09:59 AM"
"D:\azenith living\my-app\app\api\admin\arsenal\route.ts","2318","4/12/2026 1:04:48 AM"
"D:\azenith living\my-app\app\api\admin\automation\route.ts","9305","4/16/2026 2:13:16 AM"
"D:\azenith living\my-app\app\api\admin\command\route.ts","13628","4/12/2026 5:10:58 PM"
"D:\azenith living\my-app\app\api\admin\keys\public",,"4/12/2026 4:33:59 PM"
"D:\azenith living\my-app\app\api\admin\keys\stats",,"4/12/2026 3:24:43 PM"
"D:\azenith living\my-app\app\api\admin\keys\route.ts","8308","4/13/2026 10:53:33 AM"
"D:\azenith living\my-app\app\api\admin\mastermind\chat",,"4/12/2026 5:21:20 PM"
"D:\azenith living\my-app\app\api\admin\mastermind\stats",,"4/12/2026 5:09:03 PM"
"D:\azenith living\my-app\app\api\admin\mastermind\route.ts","3105","4/12/2026 1:42:39 AM"
"D:\azenith living\my-app\app\api\admin\prime\route.ts","3810","4/11/2026 11:54:22 PM"
"D:\azenith living\my-app\app\api\admin\proactive\route.ts","2411","4/12/2026 1:04:31 AM"
"D:\azenith living\my-app\app\api\admin\settings\route.ts","4764","4/16/2026 1:19:31 AM"
"D:\azenith living\my-app\app\api\admin\silent\route.ts","2610","4/12/2026 1:04:40 AM"
"D:\azenith living\my-app\app\api\admin\supreme\route.ts","5071","4/12/2026 2:57:57 AM"
"D:\azenith living\my-app\app\api\admin\verify-2fa\route.ts","3908","4/15/2026 8:23:27 PM"
"D:\azenith living\my-app\app\api\admin\war-room\route.ts","2890","4/12/2026 2:56:18 AM"
"D:\azenith living\my-app\app\api\analytics\route.ts","897","4/4/2026 10:15:06 AM"
"D:\azenith living\my-app\app\api\analyze-image\route.ts","5733","4/15/2026 1:08:37 PM"
"D:\azenith living\my-app\app\api\architect\action",,"4/13/2026 4:17:54 PM"
"D:\azenith living\my-app\app\api\architect\route.ts","3113","4/15/2026 9:27:15 AM"
"D:\azenith living\my-app\app\api\architect\action\route.ts","1559","4/13/2026 4:17:54 PM"
"D:\azenith living\my-app\app\api\auth\dev-login",,"4/6/2026 9:22:54 PM"
"D:\azenith living\my-app\app\api\auth\recovery",,"4/6/2026 7:42:24 PM"
"D:\azenith living\my-app\app\api\auth\dev-login\route.ts","3346","4/11/2026 12:24:31 PM"
"D:\azenith living\my-app\app\api\auth\recovery\route.ts","5592","4/11/2026 6:32:11 PM"
"D:\azenith living\my-app\app\api\bookings\[id]",,"4/5/2026 5:29:31 AM"
"D:\azenith living\my-app\app\api\bookings\route.ts","6141","4/11/2026 12:23:16 PM"
"D:\azenith living\my-app\app\api\bookings\[id]\route.ts","2353","4/11/2026 12:28:54 PM"
"D:\azenith living\my-app\app\api\checkout\route.ts","1346","4/4/2026 10:15:46 AM"
"D:\azenith living\my-app\app\api\cms\config",,"4/6/2026 8:52:03 PM"
"D:\azenith living\my-app\app\api\cms\public-config",,"4/6/2026 8:56:21 PM"
"D:\azenith living\my-app\app\api\cms\upload",,"4/6/2026 8:52:12 PM"
"D:\azenith living\my-app\app\api\cms\config\route.ts","3690","4/11/2026 12:27:15 PM"
"D:\azenith living\my-app\app\api\cms\public-config\route.ts","2041","4/11/2026 12:28:27 PM"
"D:\azenith living\my-app\app\api\cms\upload\route.ts","3455","4/6/2026 8:52:12 PM"
"D:\azenith living\my-app\app\api\config\route.ts","516","4/11/2026 8:10:51 PM"
"D:\azenith living\my-app\app\api\consultant\faq",,"4/15/2026 4:47:31 PM"
"D:\azenith living\my-app\app\api\consultant\learnings",,"4/15/2026 4:47:13 PM"
"D:\azenith living\my-app\app\api\consultant\pending-questions",,"4/15/2026 4:47:19 PM"
"D:\azenith living\my-app\app\api\consultant\route.ts","16301","4/15/2026 5:06:09 PM"
"D:\azenith living\my-app\app\api\consultant\faq\route.ts","4252","4/15/2026 4:47:31 PM"
"D:\azenith living\my-app\app\api\consultant\learnings\route.ts","2208","4/15/2026 4:47:13 PM"
"D:\azenith living\my-app\app\api\consultant\pending-questions\route.ts","3687","4/15/2026 4:47:19 PM"
"D:\azenith living\my-app\app\api\content-generator\improve",,"4/5/2026 5:29:31 AM"
"D:\azenith living\my-app\app\api\content-generator\route.ts","1528","4/15/2026 9:35:29 AM"
"D:\azenith living\my-app\app\api\content-generator\improve\route.ts","660","4/4/2026 10:15:39 AM"
"D:\azenith living\my-app\app\api\cron\autonomous-monitoring",,"4/16/2026 3:31:43 AM"
"D:\azenith living\my-app\app\api\cron\autonomous-monitoring\route.ts","2676","4/16/2026 3:32:16 AM"
"D:\azenith living\my-app\app\api\curate-images\route.ts","10267","4/15/2026 9:35:28 AM"
"D:\azenith living\my-app\app\api\curated-images\route.ts","7088","4/15/2026 1:54:17 PM"
"D:\azenith living\my-app\app\api\curated-pages\route.ts","4638","4/9/2026 2:39:31 AM"
"D:\azenith living\my-app\app\api\elite-brief\route.ts","2754","4/15/2026 10:29:02 AM"
"D:\azenith living\my-app\app\api\elite-gallery\route.ts","7675","4/11/2026 1:34:01 PM"
"D:\azenith living\my-app\app\api\elite-leads\route.ts","6377","4/11/2026 12:06:03 AM"
"D:\azenith living\my-app\app\api\enhance-image\route.ts","2847","4/9/2026 2:58:45 AM"
"D:\azenith living\my-app\app\api\gate\2fa",,"4/15/2026 10:55:18 PM"
"D:\azenith living\my-app\app\api\gate\2fa\setup",,"4/15/2026 10:55:09 PM"
"D:\azenith living\my-app\app\api\gate\2fa\verify",,"4/15/2026 10:55:18 PM"
"D:\azenith living\my-app\app\api\growth-insights\route.ts","1752","4/11/2026 12:19:59 AM"
"D:\azenith living\my-app\app\api\leads\route.ts","1903","4/4/2026 8:30:40 AM"
"D:\azenith living\my-app\app\api\mark-dead-image\route.ts","1913","4/10/2026 1:40:05 AM"
"D:\azenith living\my-app\app\api\media\route.ts","2636","4/11/2026 12:27:19 PM"
"D:\azenith living\my-app\app\api\navigation\route.ts","3187","4/11/2026 12:31:53 PM"
"D:\azenith living\my-app\app\api\omnipotent\route.ts","4236","4/16/2026 3:31:29 AM"
"D:\azenith living\my-app\app\api\pages\[id]",,"4/5/2026 5:29:31 AM"
"D:\azenith living\my-app\app\api\pages\route.ts","2521","4/11/2026 12:28:26 PM"
"D:\azenith living\my-app\app\api\pages\[id]\sections",,"4/5/2026 5:29:31 AM"
"D:\azenith living\my-app\app\api\pages\[id]\route.ts","2692","4/11/2026 12:28:28 PM"
"D:\azenith living\my-app\app\api\pexels\route.ts","10859","4/9/2026 11:10:11 AM"
"D:\azenith living\my-app\app\api\room-sections\route.ts","1857","4/14/2026 11:39:59 PM"
"D:\azenith living\my-app\app\api\system-health\route.ts","2226","4/11/2026 12:20:05 AM"
"D:\azenith living\my-app\app\api\tenant\route.ts","1931","4/11/2026 12:28:00 PM"
"D:\azenith living\my-app\app\api\tenants\route.ts","2959","4/11/2026 12:27:58 PM"
"D:\azenith living\my-app\app\api\test-harvest\route.ts","1380","4/10/2026 8:15:13 PM"
"D:\azenith living\my-app\app\api\test-search\route.ts","1063","4/13/2026 4:18:55 PM"
"D:\azenith living\my-app\app\api\theme\route.ts","2435","4/11/2026 12:27:57 PM"
"D:\azenith living\my-app\app\api\translations\route.ts","2720","4/11/2026 9:35:42 PM"
"D:\azenith living\my-app\app\bookings\page.tsx","7132","4/4/2026 9:18:21 AM"
"D:\azenith living\my-app\app\elite\actions",,"4/7/2026 6:06:59 AM"
"D:\azenith living\my-app\app\elite\dashboard",,"4/7/2026 6:08:20 AM"
"D:\azenith living\my-app\app\elite\login",,"4/7/2026 6:08:18 AM"
"D:\azenith living\my-app\app\elite\elite-home-client.tsx","2880","4/13/2026 10:11:24 PM"
"D:\azenith living\my-app\app\elite\page.tsx","1257","4/13/2026 10:11:23 PM"
"D:\azenith living\my-app\app\elite\actions\elite-actions.ts","4726","4/7/2026 6:06:59 AM"
"D:\azenith living\my-app\app\elite\dashboard\page.tsx","1136","4/13/2026 10:12:21 PM"
"D:\azenith living\my-app\app\elite\login\page.tsx","560","4/7/2026 8:49:31 AM"
"D:\azenith living\my-app\app\elite-brief\page.tsx","6567","4/10/2026 11:17:43 PM"
"D:\azenith living\my-app\app\elite-intelligence\page.tsx","14596","4/14/2026 12:33:05 AM"
"D:\azenith living\my-app\app\furniture\[type]",,"4/5/2026 5:29:31 AM"
"D:\azenith living\my-app\app\furniture\page.tsx","2928","4/15/2026 11:18:59 AM"
"D:\azenith living\my-app\app\furniture\[type]\page.tsx","3917","4/15/2026 11:19:12 AM"
"D:\azenith living\my-app\app\gate\login",,"4/15/2026 10:44:28 PM"
"D:\azenith living\my-app\app\gate\layout.tsx","116","4/15/2026 10:44:16 PM"
"D:\azenith living\my-app\app\gate\login\page.tsx","9669","4/15/2026 11:35:46 PM"
"D:\azenith living\my-app\app\pages\[slug]",,"4/5/2026 5:29:31 AM"
"D:\azenith living\my-app\app\pages\[slug]\page.tsx","2629","4/11/2026 12:28:54 PM"
"D:\azenith living\my-app\app\privacy\page.tsx","828","4/4/2026 8:05:45 AM"
"D:\azenith living\my-app\app\request\page.tsx","287","4/4/2026 9:16:24 AM"
"D:\azenith living\my-app\app\rooms\[slug]",,"4/8/2026 11:33:49 PM"
"D:\azenith living\my-app\app\rooms\page.tsx","2908","4/14/2026 12:33:19 AM"
"D:\azenith living\my-app\app\rooms\[slug]\page.tsx","22162","4/14/2026 9:48:15 PM"
"D:\azenith living\my-app\app\seo\[slug]",,"4/5/2026 5:29:31 AM"
"D:\azenith living\my-app\app\seo\[slug]\page.tsx","1916","4/15/2026 11:19:13 AM"
"D:\azenith living\my-app\app\start\page.tsx","7975","4/6/2026 8:55:35 PM"
"D:\azenith living\my-app\app\terms\page.tsx","780","4/4/2026 8:05:44 AM"
"D:\azenith living\my-app\components\admin",,"4/16/2026 3:33:23 AM"
"D:\azenith living\my-app\components\elite",,"4/15/2026 12:22:40 PM"
"D:\azenith living\my-app\components\progress",,"4/7/2026 3:49:25 AM"
"D:\azenith living\my-app\components\ui",,"4/16/2026 4:02:31 AM"
"D:\azenith living\my-app\components\AIStylePicker.tsx","3014","4/9/2026 10:33:45 PM"
"D:\azenith living\my-app\components\AzenithLegacy.tsx","7511","4/13/2026 8:25:13 PM"
"D:\azenith living\my-app\components\ConsultantWidget.tsx","13182","4/15/2026 4:00:57 PM"
"D:\azenith living\my-app\components\dynamic-page-client.tsx","6508","4/14/2026 12:34:17 AM"
"D:\azenith living\my-app\components\DynamicGallery.tsx","16056","4/11/2026 12:42:08 PM"
"D:\azenith living\my-app\components\Footer.tsx","8195","4/9/2026 10:33:33 PM"
"D:\azenith living\my-app\components\FurnitureCard.tsx","4393","4/8/2026 11:33:40 PM"
"D:\azenith living\my-app\components\GoldPulseLoader.tsx","2822","4/9/2026 1:57:37 AM"
"D:\azenith living\my-app\components\Header.tsx","6681","4/14/2026 12:22:28 AM"
"D:\azenith living\my-app\components\Hero.tsx","9739","4/9/2026 6:43:45 PM"
"D:\azenith living\my-app\components\home-page-client-fixed.tsx","36570","4/15/2026 11:17:51 AM"
"D:\azenith living\my-app\components\home-page-client.tsx","15694","4/15/2026 11:17:25 AM"
"D:\azenith living\my-app\components\ImageHoverWrapper.tsx","3669","4/9/2026 4:33:13 AM"
"D:\azenith living\my-app\components\ImageLightbox.tsx","7883","4/9/2026 4:40:24 AM"
"D:\azenith living\my-app\components\request-page-client.tsx","9921","4/14/2026 12:28:39 AM"
"D:\azenith living\my-app\components\RoomLink.tsx","695","4/14/2026 9:48:15 PM"
"D:\azenith living\my-app\components\RoomPageClient.tsx","33636","4/15/2026 1:54:46 PM"
"D:\azenith living\my-app\components\SmartImageGrid.tsx","7816","4/9/2026 11:03:50 PM"
"D:\azenith living\my-app\components\SupremeProvider.tsx","1971","4/12/2026 2:58:40 AM"
"D:\azenith living\my-app\components\TranslatedText.tsx","1345","4/14/2026 12:26:02 AM"
"D:\azenith living\my-app\components\TranslationShimmer.tsx","1330","4/11/2026 8:04:39 PM"
"D:\azenith living\my-app\components\admin\GrowthInsights.tsx","15684","4/11/2026 12:17:37 AM"
"D:\azenith living\my-app\components\admin\master-dashboard-components.tsx","9926","4/15/2026 12:22:40 PM"
"D:\azenith living\my-app\components\admin\MasterControlCenter.tsx","13166","4/15/2026 5:55:14 PM"
"D:\azenith living\my-app\components\admin\SmartSuggestions.tsx","17790","4/16/2026 3:33:23 AM"
"D:\azenith living\my-app\components\elite\dashboard",,"4/15/2026 12:22:40 PM"
"D:\azenith living\my-app\components\elite\home",,"4/15/2026 12:22:40 PM"
"D:\azenith living\my-app\components\elite\layout",,"4/15/2026 12:22:40 PM"
"D:\azenith living\my-app\components\elite\login",,"4/15/2026 12:22:40 PM"
"D:\azenith living\my-app\components\elite\AestheticAdvisor.tsx","14594","4/15/2026 12:22:40 PM"
"D:\azenith living\my-app\components\elite\EliteIntelligenceForm.tsx","25585","4/15/2026 12:22:40 PM"
"D:\azenith living\my-app\components\elite\InvestmentBrackets.tsx","21962","4/15/2026 12:22:40 PM"
"D:\azenith living\my-app\components\elite\LanguageSwitcher.tsx","1667","4/15/2026 12:22:40 PM"
"D:\azenith living\my-app\components\elite\dashboard\elite-dashboard-client.tsx","25699","4/15/2026 12:22:40 PM"
"D:\azenith living\my-app\components\elite\home\elite-hero.tsx","8463","4/15/2026 12:22:40 PM"
"D:\azenith living\my-app\components\elite\home\elite-legacy-section.tsx","5560","4/15/2026 12:22:40 PM"
"D:\azenith living\my-app\components\elite\home\elite-room-showcase.tsx","7698","4/15/2026 12:22:40 PM"
"D:\azenith living\my-app\components\elite\layout\elite-header.tsx","7720","4/15/2026 12:22:40 PM"
"D:\azenith living\my-app\components\elite\login\elite-login-client.tsx","7581","4/15/2026 12:22:40 PM"
"D:\azenith living\my-app\components\progress\admin-progress-panel.tsx","8246","4/7/2026 3:48:59 AM"
"D:\azenith living\my-app\components\progress\client-progress-view.tsx","5711","4/7/2026 3:49:25 AM"
"D:\azenith living\my-app\components\ui\badge.tsx","1003","4/16/2026 4:03:35 AM"
"D:\azenith living\my-app\components\ui\button.tsx","1615","4/16/2026 4:02:53 AM"
"D:\azenith living\my-app\components\ui\card.tsx","1832","4/16/2026 4:03:31 AM"
"D:\azenith living\my-app\components\ui\input.tsx","800","4/16/2026 4:02:24 AM"
"D:\azenith living\my-app\components\ui\progress.tsx","680","4/16/2026 4:02:56 AM"
"D:\azenith living\my-app\components\ui\scroll-area.tsx","881","4/16/2026 4:03:09 AM"
"D:\azenith living\my-app\components\ui\tabs.tsx","2823","4/16/2026 4:03:05 AM"
"D:\azenith living\my-app\hooks\useBehavioralTracking.ts","16438","4/9/2026 2:49:26 AM"
"D:\azenith living\my-app\hooks\useImageTracking.ts","1955","4/9/2026 3:52:18 AM"
"D:\azenith living\my-app\hooks\useSimpleHover.ts","1711","4/9/2026 3:18:01 AM"
"D:\azenith living\my-app\hooks\useSmartImages.ts","6755","4/9/2026 8:30:42 PM"
"D:\azenith living\my-app\hooks\useTranslate.ts","1255","4/14/2026 12:30:55 AM"
"D:\azenith living\my-app\lib\agents",,"4/12/2026 5:07:34 PM"
"D:\azenith living\my-app\lib\aus",,"4/12/2026 4:01:02 AM"
"D:\azenith living\my-app\lib\auth",,"4/6/2026 7:37:34 PM"
"D:\azenith living\my-app\lib\constants",,"4/11/2026 12:58:38 AM"
"D:\azenith living\my-app\lib\cron",,"4/11/2026 12:19:14 AM"
"D:\azenith living\my-app\lib\elite",,"4/7/2026 6:06:43 AM"
"D:\azenith living\my-app\lib\mastermind-v2",,"4/12/2026 3:59:24 AM"
"D:\azenith living\my-app\lib\tasks",,"4/12/2026 3:26:13 PM"
"D:\azenith living\my-app\lib\ultimate-agent",,"4/16/2026 3:46:42 AM"
"D:\azenith living\my-app\lib\admin-data.ts","11901","4/11/2026 12:15:28 PM"
"D:\azenith living\my-app\lib\admin.ts","2140","4/12/2026 2:19:23 PM"
"D:\azenith living\my-app\lib\ai-content.ts","4862","4/9/2026 12:43:42 AM"
"D:\azenith living\my-app\lib\ai-orchestrator-server.ts","8353","4/14/2026 10:29:00 AM"
"D:\azenith living\my-app\lib\ai-orchestrator.ts","21824","4/16/2026 6:17:40 AM"
"D:\azenith living\my-app\lib\analytics.ts","7590","4/11/2026 12:23:58 PM"
"D:\azenith living\my-app\lib\analyzeUserPersona.ts","8759","4/9/2026 1:21:43 AM"
"D:\azenith living\my-app\lib\api-keys-service.ts","7831","4/14/2026 10:28:29 AM"
"D:\azenith living\my-app\lib\app-config.ts","38","4/4/2026 8:06:44 AM"
"D:\azenith living\my-app\lib\architect-tools.ts","17382","4/16/2026 3:09:21 AM"
"D:\azenith living\my-app\lib\atomic-state.ts","22105","4/12/2026 2:53:45 AM"
"D:\azenith living\my-app\lib\automation.ts","11978","4/11/2026 6:39:17 PM"
"D:\azenith living\my-app\lib\azenith-prime.ts","32869","4/12/2026 1:25:05 AM"
"D:\azenith living\my-app\lib\azenith-sovereign.ts","11763","4/16/2026 1:07:42 AM"
"D:\azenith living\my-app\lib\azenith-supreme.ts","13510","4/12/2026 2:58:12 AM"
"D:\azenith living\my-app\lib\background-processor.ts","5182","4/11/2026 6:36:49 PM"
"D:\azenith living\my-app\lib\client-runtime-config.ts","1125","4/5/2026 3:25:41 AM"
"D:\azenith living\my-app\lib\command-executor.ts","33738","4/13/2026 1:00:07 PM"
"D:\azenith living\my-app\lib\conversion-engine.ts","2284","4/4/2026 11:10:06 AM"
"D:\azenith living\my-app\lib\crew-factory.ts","7383","4/12/2026 5:08:09 PM"
"D:\azenith living\my-app\lib\crypto-keys.ts","7488","4/12/2026 4:33:46 PM"
"D:\azenith living\my-app\lib\dashboard.ts","4518","4/11/2026 12:26:21 PM"
"D:\azenith living\my-app\lib\discovery-engine.ts","17092","4/16/2026 3:28:25 AM"
"D:\azenith living\my-app\lib\edge-config.ts","2588","4/11/2026 12:16:54 AM"
"D:\azenith living\my-app\lib\email-service.ts","1353","4/7/2026 8:00:05 AM"
"D:\azenith living\my-app\lib\engine.ts","41","4/4/2026 8:06:44 AM"
"D:\azenith living\my-app\lib\executive-examples.ts","13559","4/11/2026 11:35:21 PM"
"D:\azenith living\my-app\lib\executive-persona.ts","18438","4/12/2026 1:11:13 AM"
"D:\azenith living\my-app\lib\general-agent.ts","19669","4/16/2026 3:29:47 AM"
"D:\azenith living\my-app\lib\growth-analytics.ts","12874","4/11/2026 12:26:23 PM"
"D:\azenith living\my-app\lib\image-tracking.ts","2361","4/10/2026 11:19:07 PM"
"D:\azenith living\my-app\lib\key-monitor.ts","19131","4/13/2026 2:03:29 AM"
"D:\azenith living\my-app\lib\leads.ts","5558","4/11/2026 6:39:46 PM"
"D:\azenith living\my-app\lib\market-simulator.ts","21170","4/12/2026 2:52:59 AM"
"D:\azenith living\my-app\lib\mastermind-ai.ts","28268","4/13/2026 12:44:25 AM"
"D:\azenith living\my-app\lib\mastermind-core.ts","27438","4/12/2026 10:39:33 PM"
"D:\azenith living\my-app\lib\mastermind-graph.ts","15992","4/15/2026 10:11:17 AM"
"D:\azenith living\my-app\lib\mastermind.ts","28151","4/12/2026 1:39:43 AM"
"D:\azenith living\my-app\lib\metadata-translations.ts","4523","4/13/2026 10:20:27 PM"
"D:\azenith living\my-app\lib\neural-analytics.ts","4415","4/9/2026 4:14:05 AM"
"D:\azenith living\my-app\lib\office-hours.ts","5341","4/10/2026 11:14:14 PM"
"D:\azenith living\my-app\lib\openrouter-service.ts","9709","4/12/2026 5:04:57 PM"
"D:\azenith living\my-app\lib\payments.ts","5164","4/4/2026 10:30:35 AM"
"D:\azenith living\my-app\lib\pdf-generator.ts","14583","4/11/2026 6:37:37 PM"
"D:\azenith living\my-app\lib\performance.ts","9790","4/11/2026 12:16:37 AM"
"D:\azenith living\my-app\lib\planner-agent.ts","8209","4/12/2026 5:07:48 PM"
"D:\azenith living\my-app\lib\predatory-defense.ts","16468","4/12/2026 2:54:49 AM"
"D:\azenith living\my-app\lib\predictive-coding.ts","21367","4/12/2026 2:56:55 AM"
"D:\azenith living\my-app\lib\proactive-agent.ts","15604","4/16/2026 3:30:48 AM"
"D:\azenith living\my-app\lib\proactive-autonomy.ts","15971","4/12/2026 1:06:30 AM"
"D:\azenith living\my-app\lib\progress-config.ts","2822","4/7/2026 3:47:37 AM"
"D:\azenith living\my-app\lib\progress-types.ts","1813","4/7/2026 3:47:52 AM"
"D:\azenith living\my-app\lib\quote-estimator.ts","1929","4/4/2026 7:52:11 AM"
"D:\azenith living\my-app\lib\rate-limit.ts","3257","4/15/2026 9:20:51 AM"
"D:\azenith living\my-app\lib\resource-orchestrator.ts","22633","4/11/2026 10:42:44 PM"
"D:\azenith living\my-app\lib\room-design-tips.ts","42471","4/15/2026 12:56:40 PM"
"D:\azenith living\my-app\lib\runtime-config.ts","1979","4/9/2026 6:42:30 PM"
"D:\azenith living\my-app\lib\sandbox-executor.ts","9204","4/13/2026 3:30:31 AM"
"D:\azenith living\my-app\lib\self-evolution.ts","20563","4/13/2026 1:18:57 AM"
"D:\azenith living\my-app\lib\self-optimization.ts","18518","4/12/2026 2:54:19 AM"
"D:\azenith living\my-app\lib\semantic-cache.ts","15534","4/12/2026 2:55:20 AM"
"D:\azenith living\my-app\lib\sentinel.ts","11252","4/11/2026 12:13:29 PM"
"D:\azenith living\my-app\lib\sign-command-client.ts","7239","4/12/2026 4:34:20 PM"
"D:\azenith living\my-app\lib\silent-architect.ts","21696","4/12/2026 1:06:10 AM"
"D:\azenith living\my-app\lib\site-config.ts","3156","4/11/2026 12:14:29 PM"
"D:\azenith living\my-app\lib\site-content.ts","16186","4/5/2026 6:20:58 AM"
"D:\azenith living\my-app\lib\site-url.ts","454","4/9/2026 6:41:33 PM"
"D:\azenith living\my-app\lib\sovereign-os.ts","36142","4/12/2026 1:03:18 AM"
"D:\azenith living\my-app\lib\sovereign-status.ts","15580","4/12/2026 2:57:26 AM"
"D:\azenith living\my-app\lib\supabase-admin.ts","534","4/11/2026 12:03:01 PM"
"D:\azenith living\my-app\lib\supabase-client.ts","534","4/6/2026 10:57:42 PM"
"D:\azenith living\my-app\lib\supabase-server.ts","1573","4/6/2026 10:57:45 PM"
"D:\azenith living\my-app\lib\supabase-service.ts","1101","4/11/2026 9:31:56 PM"
"D:\azenith living\my-app\lib\supabase.ts","258","4/4/2026 7:19:17 AM"
"D:\azenith living\my-app\lib\supreme-architect.ts","28657","4/12/2026 1:05:20 AM"
"D:\azenith living\my-app\lib\supreme-init.ts","1884","4/12/2026 2:58:20 AM"
"D:\azenith living\my-app\lib\swarm-consensus.ts","26197","4/12/2026 2:52:22 AM"
"D:\azenith living\my-app\lib\telegram-notify.ts","4534","4/12/2026 4:33:10 PM"
"D:\azenith living\my-app\lib\tenant.ts","3101","4/7/2026 8:01:27 AM"
"D:\azenith living\my-app\lib\translation-vault-sovereign.ts","4074","4/13/2026 10:21:27 PM"
"D:\azenith living\my-app\lib\translation-vault.ts","3781","4/13/2026 10:21:28 PM"
"D:\azenith living\my-app\lib\utils.ts","166","4/16/2026 4:02:42 AM"
"D:\azenith living\my-app\lib\web-tools.ts","4646","4/13/2026 12:53:47 PM"
"D:\azenith living\my-app\lib\whatsapp-dossier.ts","10712","4/11/2026 6:38:48 PM"
"D:\azenith living\my-app\lib\whatsapp-service.ts","1730","4/16/2026 4:05:43 AM"
"D:\azenith living\my-app\lib\agents\AnalystAgent.ts","8406","4/12/2026 5:07:25 PM"
"D:\azenith living\my-app\lib\agents\CoderAgent.ts","4827","4/12/2026 5:06:56 PM"
"D:\azenith living\my-app\lib\agents\index.ts","575","4/12/2026 5:07:34 PM"
"D:\azenith living\my-app\lib\agents\OpsAgent.ts","6594","4/12/2026 5:07:33 PM"
"D:\azenith living\my-app\lib\agents\SecurityAgent.ts","6090","4/12/2026 5:07:08 PM"
"D:\azenith living\my-app\lib\aus\config",,"4/12/2026 4:01:07 AM"
"D:\azenith living\my-app\lib\aus\types",,"4/12/2026 4:01:07 AM"
"D:\azenith living\my-app\lib\auth\session.ts","7798","4/13/2026 3:46:04 PM"
"D:\azenith living\my-app\lib\auth\vault.ts","9399","4/13/2026 3:45:30 PM"
"D:\azenith living\my-app\lib\constants\furniture-data.ts","4482","4/11/2026 12:58:38 AM"
"D:\azenith living\my-app\lib\cron\purge-images.ts","8220","4/11/2026 12:22:11 PM"
"D:\azenith living\my-app\lib\elite\access-control.ts","6208","4/7/2026 6:06:11 AM"
"D:\azenith living\my-app\lib\elite\auth.ts","6447","4/7/2026 6:06:01 AM"
"D:\azenith living\my-app\lib\elite\feature-engine.ts","11897","4/7/2026 6:06:43 AM"
"D:\azenith living\my-app\lib\tasks\task-router.ts","6532","4/12/2026 3:26:13 PM"
"D:\azenith living\my-app\lib\ultimate-agent\agent-core.ts","14237","4/16/2026 6:16:59 AM"
"D:\azenith living\my-app\lib\ultimate-agent\executor-omnipotent.ts","24967","4/16/2026 4:07:12 AM"
"D:\azenith living\my-app\lib\ultimate-agent\index.ts","2381","4/16/2026 5:30:10 AM"
"D:\azenith living\my-app\lib\ultimate-agent\memory-store.ts","18139","4/16/2026 3:41:49 AM"
"D:\azenith living\my-app\lib\ultimate-agent\predictive-engine.ts","23545","4/16/2026 3:42:51 AM"
"D:\azenith living\my-app\lib\ultimate-agent\security-manager.ts","16100","4/16/2026 3:41:26 AM"
"D:\azenith living\my-app\logs\commands.json","43537","4/13/2026 2:10:27 AM"
"D:\azenith living\my-app\logs\key-usage.json","516","4/13/2026 2:10:28 AM"
"D:\azenith living\my-app\messages\ar.json","2045","4/13/2026 8:44:50 PM"
"D:\azenith living\my-app\messages\en.json","2013","4/13/2026 11:59:41 PM"
"D:\azenith living\my-app\public\images",,"4/5/2026 5:31:13 AM"
"D:\azenith living\my-app\public\videos",,"4/13/2026 7:09:17 PM"
"D:\azenith living\my-app\public\fallback-en.json","3462","4/11/2026 10:44:31 PM"
"D:\azenith living\my-app\public\favicon.png","875622","3/26/2026 8:56:32 AM"
"D:\azenith living\my-app\public\file.svg","391","4/2/2026 3:04:21 AM"
"D:\azenith living\my-app\public\globe.svg","1035","4/2/2026 3:04:21 AM"
"D:\azenith living\my-app\public\logo.png","875622","3/26/2026 8:56:32 AM"
"D:\azenith living\my-app\public\next.svg","1375","4/2/2026 3:04:21 AM"
"D:\azenith living\my-app\public\placeholder-room.jpg","875622","3/26/2026 8:56:32 AM"
"D:\azenith living\my-app\public\vercel.svg","128","4/2/2026 3:04:21 AM"
"D:\azenith living\my-app\public\window.svg","385","4/2/2026 3:04:21 AM"
"D:\azenith living\my-app\public\images\furniture-placeholder.jpg","4034","4/13/2026 6:24:37 PM"
"D:\azenith living\my-app\public\images\room-placeholder.jpg","12103","4/13/2026 7:37:27 PM"
"D:\azenith living\my-app\public\videos\hero-1.mp4","3814667","4/13/2026 7:05:36 PM"
"D:\azenith living\my-app\public\videos\hero-2.mp4","3151008","4/13/2026 7:00:28 PM"
"D:\azenith living\my-app\public\videos\hero-3.mp4","2364213","4/13/2026 7:00:43 PM"
"D:\azenith living\my-app\public\videos\hero-4.mp4","2404589","4/13/2026 7:00:52 PM"
"D:\azenith living\my-app\public\videos\hero-5.mp4","2527064","4/13/2026 7:01:06 PM"
"D:\azenith living\my-app\public\videos\hero-6.mp4","4408581","4/13/2026 7:08:20 PM"
"D:\azenith living\my-app\sandbox\backups",,"4/14/2026 10:10:38 PM"
"D:\azenith living\my-app\sandbox\backups\unused-components-2026-04-14",,"4/14/2026 10:11:58 PM"
"D:\azenith living\my-app\sandbox\backups\command-executor.ts-2026-04-12T23-45-20-114Z.bak","27874","4/13/2026 1:19:47 AM"
"D:\azenith living\my-app\sandbox\backups\command-executor.ts-2026-04-12T23-49-03-210Z.bak","27874","4/13/2026 1:19:47 AM"
"D:\azenith living\my-app\sandbox\backups\command-executor.ts-2026-04-12T23-52-07-921Z.bak","27940","4/13/2026 1:49:03 AM"
"D:\azenith living\my-app\sandbox\backups\unused-components-2026-04-14\admin",,"4/14/2026 10:11:58 PM"
"D:\azenith living\my-app\sandbox\backups\unused-components-2026-04-14\elite",,"4/14/2026 10:11:58 PM"
"D:\azenith living\my-app\sandbox\backups\unused-components-2026-04-14\AestheticAdvisor.tsx","14198","4/11/2026 12:02:32 AM"
"D:\azenith living\my-app\sandbox\backups\unused-components-2026-04-14\ArchitectWidget.tsx","9496","4/11/2026 11:28:05 PM"
"D:\azenith living\my-app\sandbox\backups\unused-components-2026-04-14\BehavioralDashboard.tsx","26376","4/9/2026 1:54:14 AM"
"D:\azenith living\my-app\sandbox\backups\unused-components-2026-04-14\DesignSpecsOverlay.tsx","334","4/9/2026 4:05:06 AM"
"D:\azenith living\my-app\sandbox\backups\unused-components-2026-04-14\DynamicGallery.tsx.backup.20260410_013819","5901","4/9/2026 11:05:20 PM"
"D:\azenith living\my-app\sandbox\backups\unused-components-2026-04-14\EliteIntelligenceForm.tsx","24987","4/11/2026 1:39:43 AM"
"D:\azenith living\my-app\sandbox\backups\unused-components-2026-04-14\GrowthInsights.tsx","15684","4/11/2026 12:17:37 AM"
"D:\azenith living\my-app\sandbox\backups\unused-components-2026-04-14\ImageMetadataPanel.tsx","5325","4/9/2026 2:43:14 AM"
"D:\azenith living\my-app\sandbox\backups\unused-components-2026-04-14\InvestmentBrackets.tsx","21284","4/11/2026 12:59:48 AM"
"D:\azenith living\my-app\sandbox\backups\unused-components-2026-04-14\LanguageSwitcher.tsx","1612","4/13/2026 10:07:42 PM"
"D:\azenith living\my-app\sandbox\backups\unused-components-2026-04-14\MainContent.tsx","1925","4/6/2026 4:13:56 AM"
"D:\azenith living\my-app\sandbox\backups\unused-components-2026-04-14\master-dashboard-components.tsx","9671","4/6/2026 6:44:53 PM"
"D:\azenith living\my-app\sandbox\backups\unused-components-2026-04-14\RefactoredRoomGateway.tsx","14119","4/6/2026 6:04:08 AM"
"D:\azenith living\my-app\sandbox\backups\unused-components-2026-04-14\RoomTracker.tsx","1397","4/9/2026 12:31:51 AM"
"D:\azenith living\my-app\sandbox\backups\unused-components-2026-04-14\StyleQuiz.tsx","3127","4/5/2026 2:12:22 PM"
"D:\azenith living\my-app\sandbox\backups\unused-components-2026-04-14\SystemAlerts.tsx","12638","4/11/2026 12:19:49 AM"
"D:\azenith living\my-app\sandbox\backups\unused-components-2026-04-14\admin\ArchitectWidget.tsx","9496","4/11/2026 11:28:05 PM"
"D:\azenith living\my-app\sandbox\backups\unused-components-2026-04-14\admin\GrowthInsights.tsx","15684","4/11/2026 12:17:37 AM"
"D:\azenith living\my-app\sandbox\backups\unused-components-2026-04-14\admin\master-dashboard-components.tsx","9671","4/6/2026 6:44:53 PM"
"D:\azenith living\my-app\sandbox\backups\unused-components-2026-04-14\admin\SystemAlerts.tsx","12638","4/11/2026 12:19:49 AM"
"D:\azenith living\my-app\sandbox\backups\unused-components-2026-04-14\elite\dashboard",,"4/14/2026 10:11:58 PM"
"D:\azenith living\my-app\sandbox\backups\unused-components-2026-04-14\elite\home",,"4/14/2026 10:11:58 PM"
"D:\azenith living\my-app\sandbox\backups\unused-components-2026-04-14\elite\layout",,"4/14/2026 10:11:58 PM"
"D:\azenith living\my-app\sandbox\backups\unused-components-2026-04-14\elite\login",,"4/14/2026 10:11:58 PM"
"D:\azenith living\my-app\sandbox\backups\unused-components-2026-04-14\elite\AestheticAdvisor.tsx","14198","4/11/2026 12:02:32 AM"
"D:\azenith living\my-app\sandbox\backups\unused-components-2026-04-14\elite\EliteIntelligenceForm.tsx","24987","4/11/2026 1:39:43 AM"
"D:\azenith living\my-app\sandbox\backups\unused-components-2026-04-14\elite\InvestmentBrackets.tsx","21284","4/11/2026 12:59:48 AM"
"D:\azenith living\my-app\sandbox\backups\unused-components-2026-04-14\elite\LanguageSwitcher.tsx","1612","4/13/2026 10:07:42 PM"
"D:\azenith living\my-app\scripts\add-company-id.ts","4156","4/11/2026 3:53:39 PM"
"D:\azenith living\my-app\scripts\add-to-vercel.ps1","1983","4/15/2026 12:15:46 PM"
"D:\azenith living\my-app\scripts\add-vercel-api.mjs","4017","4/15/2026 12:15:46 PM"
"D:\azenith living\my-app\scripts\add-vercel-env.mjs","2675","4/15/2026 12:22:40 PM"
"D:\azenith living\my-app\scripts\api-key-test-report.json","2644","4/14/2026 7:38:45 PM"
"D:\azenith living\my-app\scripts\apply-migration-005.ts","4966","4/11/2026 3:49:21 PM"
"D:\azenith living\my-app\scripts\apply-migration-020.ts","4651","4/13/2026 12:59:16 AM"
"D:\azenith living\my-app\scripts\apply-sql-direct.ts","5558","4/11/2026 3:51:27 PM"
"D:\azenith living\my-app\scripts\bi-annual-reset.ts","9378","4/11/2026 11:05:11 AM"
"D:\azenith living\my-app\scripts\bulk-translate-vault.ts","18415","4/11/2026 10:09:10 PM"
"D:\azenith living\my-app\scripts\check-and-init-sections.ts","5374","4/11/2026 3:52:57 PM"
"D:\azenith living\my-app\scripts\cleanup-vercel.sh","605","4/14/2026 7:38:45 PM"
"D:\azenith living\my-app\scripts\compress-videos.ps1","2456","4/13/2026 6:59:52 PM"
"D:\azenith living\my-app\scripts\elite-harvester.ts","20310","4/10/2026 1:38:04 AM"
"D:\azenith living\my-app\scripts\fix-room-sections-table.ts","5973","4/11/2026 3:50:23 PM"
"D:\azenith living\my-app\scripts\full-curation.ts","21265","4/15/2026 2:03:15 PM"
"D:\azenith living\my-app\scripts\init-room-sections.ts","12990","4/11/2026 3:49:43 PM"
"D:\azenith living\my-app\scripts\input-cf-account.txt","39","4/15/2026 12:15:46 PM"
"D:\azenith living\my-app\scripts\push-all-env.ps1","2003","4/14/2026 11:11:15 AM"
"D:\azenith living\my-app\scripts\seed-api-keys.mjs","3971","4/12/2026 4:01:13 PM"
"D:\azenith living\my-app\scripts\seed-images.ts","6232","4/9/2026 3:58:37 AM"
"D:\azenith living\my-app\scripts\setup-admin.ts","3788","4/6/2026 9:55:49 PM"
"D:\azenith living\my-app\scripts\sync-key-stats.ts","3128","4/12/2026 3:26:51 PM"
"D:\azenith living\my-app\scripts\test-api-keys-output.log","6892","4/15/2026 12:15:46 PM"
"D:\azenith living\my-app\scripts\test-api-keys.mjs","10017","4/14/2026 7:38:30 PM"
"D:\azenith living\my-app\scripts\test-api-keys.ts","2936","4/12/2026 3:29:13 PM"
"D:\azenith living\my-app\scripts\test-curation.ts","15391","4/14/2026 7:22:19 PM"
"D:\azenith living\my-app\scripts\test-email.js","1141","4/7/2026 4:01:15 AM"
"D:\azenith living\my-app\scripts\test-gemini-keys.js","1877","4/14/2026 7:17:41 PM"
"D:\azenith living\my-app\scripts\test-harvester-run.ts","19155","4/10/2026 3:41:05 AM"
"D:\azenith living\my-app\scripts\test-message.js","2033","4/7/2026 3:16:27 AM"
"D:\azenith living\my-app\scripts\test-omnipotent-agent.ts","7932","4/16/2026 3:34:32 AM"
"D:\azenith living\my-app\scripts\translate.js","6890","4/13/2026 10:31:20 PM"
"D:\azenith living\my-app\scripts\upload-videos-to-blob.js","1160","4/13/2026 7:52:57 PM"
"D:\azenith living\my-app\scripts\upload-videos-to-blob.ts","918","4/13/2026 6:57:32 PM"
"D:\azenith living\my-app\scripts\vercel-input.txt","36","4/14/2026 8:47:42 PM"
"D:\azenith living\my-app\scripts\vercel-mistral-prod.log","858","4/15/2026 12:15:46 PM"
"D:\azenith living\my-app\scripts\vercel-spawn.mjs","3660","4/15/2026 12:15:46 PM"
"D:\azenith living\my-app\scripts\weekly-audit.ts","7565","4/10/2026 1:40:31 AM"
"D:\azenith living\my-app\scripts\whatsapp-init.js","4580","4/7/2026 4:07:15 AM"
"D:\azenith living\my-app\services\aiEnhancement.ts","4321","4/9/2026 2:42:36 AM"
"D:\azenith living\my-app\stores\useSessionStore.ts","18446","4/13/2026 10:22:27 PM"
"D:\azenith living\my-app\supabase\.temp",,"4/13/2026 6:14:17 PM"
"D:\azenith living\my-app\supabase\migrations",,"4/16/2026 6:07:50 AM"
"D:\azenith living\my-app\supabase\emergency_setup.sql","12881","4/6/2026 10:04:18 PM"
"D:\azenith living\my-app\supabase\newsletter_subscribers.sql","2446","4/6/2026 5:25:50 PM"
"D:\azenith living\my-app\supabase\seed.sql","109","4/4/2026 7:24:51 AM"
"D:\azenith living\my-app\supabase\.temp\cli-latest","7","4/16/2026 6:39:46 AM"
"D:\azenith living\my-app\supabase\migrations\001_create_schema.sql","15960","4/4/2026 10:28:22 AM"
"D:\azenith living\my-app\supabase\migrations\002_sovereign_protocol.sql","15838","4/6/2026 8:24:43 PM"
"D:\azenith living\my-app\supabase\migrations\003_elite_layer_schema.sql","7978","4/7/2026 6:05:50 AM"
"D:\azenith living\my-app\supabase\migrations\004_add_is_active_column.sql","585","4/11/2026 1:34:12 PM"
"D:\azenith living\my-app\supabase\migrations\004_curated_images_table.sql","4203","4/10/2026 1:35:44 AM"
"D:\azenith living\my-app\supabase\migrations\005_create_translations_cache.sql","1573","4/11/2026 8:20:08 PM"
"D:\azenith living\my-app\supabase\migrations\005_room_sections_complete.sql","5935","4/11/2026 3:52:26 PM"
"D:\azenith living\my-app\supabase\migrations\005_room_sections_table.sql","2274","4/11/2026 3:47:11 PM"
"D:\azenith living\my-app\supabase\migrations\006_sovereign_os_arsenal.sql","15313","4/11/2026 11:11:31 PM"
"D:\azenith living\my-app\supabase\migrations\007_azenith_prime_tables.sql","12518","4/11/2026 11:56:28 PM"
"D:\azenith living\my-app\supabase\migrations\007_supreme_architect.sql","18936","4/11/2026 11:23:04 PM"
"D:\azenith living\my-app\supabase\migrations\010_supreme_sovereign_schema.sql","6527","4/12/2026 2:58:28 AM"
"D:\azenith living\my-app\supabase\migrations\016_sovereign_security.sql","6973","4/12/2026 4:32:04 PM"
"D:\azenith living\my-app\supabase\migrations\017_mastermind_command_tables.sql","4240","4/12/2026 6:08:35 PM"
"D:\azenith living\my-app\supabase\migrations\018_chat_history.sql","4201","4/12/2026 7:03:18 PM"
"D:\azenith living\my-app\supabase\migrations\019_immutable_command_log.sql","1431","4/12/2026 11:51:28 PM"
"D:\azenith living\my-app\supabase\migrations\020_api_keys_fix_simple.sql","1043","4/13/2026 12:59:50 AM"
"D:\azenith living\my-app\supabase\migrations\020_fix_api_keys_columns.sql","2053","4/13/2026 12:58:50 AM"
"D:\azenith living\my-app\supabase\migrations\021_consultant_sessions.sql","2228","4/15/2026 2:39:59 PM"
"D:\azenith living\my-app\supabase\migrations\022_consultant_insights.sql","590","4/15/2026 2:57:22 PM"
"D:\azenith living\my-app\supabase\migrations\022_consultant_learnings.sql","1076","4/15/2026 4:30:08 PM"
"D:\azenith living\my-app\supabase\migrations\023_consultant_pending_questions.sql","1452","4/15/2026 4:45:45 PM"
"D:\azenith living\my-app\supabase\migrations\024_consultant_faq.sql","1241","4/15/2026 4:45:51 PM"
"D:\azenith living\my-app\supabase\migrations\025_strategic_sales_leader.sql","7677","4/15/2026 5:20:25 PM"
"D:\azenith living\my-app\supabase\migrations\025_user_2fa_table.sql","529","4/15/2026 11:07:38 PM"
"D:\azenith living\my-app\supabase\migrations\026_automation_rules.sql","1256","4/16/2026 1:41:12 AM"
"D:\azenith living\my-app\supabase\migrations\027_site_settings.sql","915","4/16/2026 1:19:22 AM"
"D:\azenith living\my-app\supabase\migrations\028_agent_memory.sql","12698","4/16/2026 3:46:35 AM"
"D:\azenith living\my-app\supabase\migrations\028_general_suggestions.sql","4149","4/16/2026 3:31:03 AM"
"D:\azenith living\my-app\supabase\migrations\029_fix_agent_memory.sql","10979","4/16/2026 6:07:50 AM"
"D:\azenith living\my-app\supabase\migrations\20260412_add_api_keys.sql","700","4/12/2026 3:24:09 PM"
"D:\azenith living\my-app\supabase\migrations\20260412_fix_subscriptions_cascade.sql","829","4/12/2026 3:29:07 PM"
"D:\azenith living\my-app\tests\api.test.ts","7514","4/14/2026 10:19:04 PM"
"D:\azenith living\my-app\tests\auth.test.ts","7537","4/14/2026 10:23:57 PM"
"D:\azenith living\my-app\tests\conversion-engine.test.ts","1707","4/4/2026 7:51:21 AM"
"D:\azenith living\my-app\tests\engine.test.ts","1628","4/4/2026 8:06:44 AM"
"D:\azenith living\my-app\tests\pages.test.ts","5626","4/14/2026 10:19:18 PM"
"D:\azenith living\my-app\tests\pexels.test.ts","7253","4/14/2026 10:22:54 PM"
"D:\azenith living\my-app\tests\setup.ts","622","4/14/2026 10:18:44 PM"
"D:\azenith living\my-app\tests\sovereign-auth-demo.ts","3507","4/6/2026 7:43:04 PM"
"D:\azenith living\my-app\utils\supabase",,"4/6/2026 11:11:56 PM"
"D:\azenith living\my-app\utils\aiImageFilter.ts","13575","4/9/2026 2:36:21 AM"
"D:\azenith living\my-app\utils\supabase\client.ts","214","4/6/2026 11:11:54 PM"
"D:\azenith living\my-app\utils\supabase\middleware.ts","1101","4/6/2026 11:11:56 PM"
"D:\azenith living\my-app\utils\supabase\server.ts","776","4/6/2026 11:11:51 PM"
